model_name,cv_accuracy_mean,cv_accuracy_std,holdout_accuracy,holdout_macro_f1,tuned
svm_tuned,0.93029,0.0,0.936467,0.946401,True
svm,0.92781,0.004521,0.933529,0.94289,False
random_forest,0.921289,0.003727,0.93206,0.942333,False
logistic_regression,0.92478,0.002156,0.928755,0.939523,False
logistic_regression_tuned,0.925423,0.0,0.928021,0.939074,True
random_forest_tuned,0.922024,0.0,0.923981,0.93403,True
knn,0.921473,0.004479,0.922512,0.934181,False
gaussian_nb,0.900532,0.005519,0.91076,0.920985,False
decision_tree,0.895573,0.003536,0.902681,0.916058,False
